nr;x;y;slup_l;typ_l;slup_p;typ_p;rozpietosc;stacja;obwod;stacja2;obwod2;miejscowosc;ulica
1;7530960.14;5768454.34;2.10;N-10,5/10/E;2.11;N-10,5/10/E;47;ST 05-0507;obw. nr 1;;;Człekówka;ul. Wspólna
2;7530293.67;5768199.07;9;Nr-10/ZN;10;RPKr-10/ZN;15;ST 05-0507;obw. nr 1;;;Człekówka;ul. Wspólna
3;7530415.84;5768306.46;14;Nr-10/ZN;15;N-10,5/10/E;14;ST 05-0507;obw. nr 1;;;Człekówka;
4;7530565.09;5768093.52;2;P-10/ZN;3;P-10/ZN;45;ST 05-0507;obw. nr 2;;;Człekówka;
5;7531000.53;5767629.39;2;RPKr-10/ZN;3;P-10/ZN;35;ST 05-0506;obw. nr 1;;;Chrosna;
6;7530919.47;5767569.73;2.2;Nr-10/ZN;2.3;P-10/ZN;46;ST 05-0506;obw. nr 1;;;Chrosna;
7;7531504.76;5767202.36;7;P-10/ZN;7.4;N-10,5/10/E;14;ST 05-0982;obw. nr 1;;;Chrosna;
8;7531510.43;5767182.80;6;P-10/ZN;7;P-10/ZN;29;ST 05-0982;obw. nr 1;;;Chrosna;
9;7532446.79;5765636.35;1;P-10/ZN;2;P-10/ZN;49;ST 05-0504;obw. nr 2;;;Chrząszczówka;
10;7532470.64;5765416.69;6;P-10/ZN;7;Nr-10/ZN;36;ST 05-0504;obw. nr 2;;;Chrząszczówka;
11;7532715.39;5765394.35;1;RPK-10,5/10/E;2;P-10/ZN;31;ST 05-0497;obw. nr 1;;;Kąty;ul. Królewska
12;7532714.54;5765377.33;1;RPK-10,5/10/E;1.1;K-10,5/10/E;14;ST 05-0497;obw. nr 1;;;Kąty;ul. Królewska
13;7532835.49;5765360.30;1.5;RPK-10,5/10/E;1.8;P-10/ZN;56;ST 05-0497;obw. nr 1;;;Kąty;ul. Spokojna
14;7532737.47;5765037.98;3;RPK-10,5/10/E;7;P-10/ZN;54;ST 05-0497;obw. nr 2;ST 05-0498;obw. nr 2;Kąty;ul. Królewska
15;7532744.38;5765013.86;3;RPK-10,5/10/E;4;RPK-10,5/10/E;24;ST 05-0498;obw. nr 2;;;Kąty;ul. Słoneczna - Nowinki
16;7532776.50;5765022.94;4;RPK-10,5/10/E;5;N-10,5/10/E;41;ST 05-0498;obw. nr 2;;;Kąty;ul. Nowinki
17;7532826.64;5765023.21;5;N-10,5/10/E;6;RPK-10,5/10/E;53;ST 05-0498;obw. nr 2;;;Kąty;ul. Nowinki
18;7532907.40;5765214.15;10;N-10,5/10/E;11;K-10,5/10/E;35;ST 05-0498;obw. nr 2;;;Kąty;ul. Spacerowa
19;7532986.54;5766194.15;9;N-10,5/10/E;10;P-10/ZN;18;ST 05-0503;obw. nr 1;;;Kąty;
20;7533026.65;5766389.28;4;P-10/ZN;5;RPKr-10/ZN;43;ST 05-0503;obw. nr 1;;;Antoninek;
21;7533220.13;5766757.23;2;RPKr-10/ZN;3;P-10/ZN;48;ST 05-0503;obw. nr 2;;;Antoninek;
22;7533261.87;5766777.96;3;P-10/ZN;4;P-10/ZN;46;ST 05-0503;obw. nr 2;;;Antoninek;
